2,5,6,7,9,11,14,15,23,24,25,28,32,33,34,35,36,39,41,42,49,50,60,63,67,68,69,70,73,75,79,82,84,85,86,90,91,96,101,104,107,109,112,117,118,119,123,130,134,139,146,148,152,156,157,159,163,166,171,175,176,180,184,185,186,188,193,196,197,198,200,201,203,204,210,218,220,222,224,227,233,235,236,241,242,245,247,248,249,253,254,255,257,261,262,264,266,267,268,270,271,278,284,285,287,289,293,294,295,299
5,10,16,17,18,22,25,27,34,35,47,53,55,60,62,76,78,79,81,84,86,89,90,92,93,97,109,117,118,126,132,134,142,145,147,149,150,155,156,158,162,163,170,171,172,179,186,211,212,217,228,232,233,239,240,243,253,259,264,273,274,276,280,281,282,293,296,297,300
2,3,6,7,9,10,11,12,14,15,16,17,21,23,25,26,27,29,30,32,33,34,37,40,43,44,47,50,51,54,55,56,59,60,61,65,67,68,70,71,73,76,78,80,81,83,84,85,87,88,92,94,95,96,98,101,103,105,106,108,109,112,114,115,118,121,122,124,126,128,129,130,133,136,137,139,143,145,146,147,150,151,152,153,154,156,159,160,165,166,167,170,174,175,176,177,178,179,180,181,182,183,185,187,190,194,195,196,197,200,201,202,204,205,206,209,210,211,212,215,216,218,219,220,222,223,224,225,226,230,231,232,234,235,236,238,239,241,242,243,246,247,249,252,253,254,256,258,259,260,261,262,263,265,266,267,268,269,270,271,272,274,276,277,281,285,286,287,289,290,292,293,294,295,297,300
9,12,14,17,24,26,30,35,39,43,45,47,49,53,57,58,59,60,61,67,75,76,77,96,98,104,105,120,121,124,125,127,131,139,143,153,154,156,159,160,167,170,174,175,180,184,185,189,192,201,203,204,205,207,208,211,213,215,222,223,226,228,230,232,237,248,253,255,256,261,264,269,271,272,274,275,284,288,290,291,296
60,66,71,88,117,122,123,131,147,161,165,175,181,196,243,250,292,300
39,47,55,62,68,91,103,111,130,139,152,229,292,294
1,12,13,18,23,30,35,36,42,45,47,56,58,59,66,74,77,78,80,84,89,96,113,115,119,122,141,157,161,173,181,183,185,207,214,217,221,232,236,241,242,248,252,263,268,285,294
1,2,3,4,5,6,7,9,12,15,16,17,18,20,21,23,27,29,31,32,33,34,38,39,41,45,46,47,49,50,53,54,55,56,60,61,62,64,65,66,67,68,70,71,76,77,78,79,81,83,85,86,88,91,92,93,94,97,98,101,102,104,105,106,107,108,109,110,111,114,115,116,118,119,120,121,122,124,125,126,128,129,130,131,133,137,138,139,140,141,143,145,150,151,152,153,154,155,158,159,161,163,164,165,166,167,168,169,170,171,172,173,175,176,177,179,181,183,186,187,188,190,192,194,197,201,202,203,205,207,208,209,212,213,215,216,217,221,222,223,225,226,227,228,229,232,233,234,235,238,240,241,242,243,245,246,247,248,250,251,252,259,260,262,264,266,267,268,270,272,273,277,279,284,285,286,287,288,289,293,294,295,296,297,299
3,4,5,7,11,14,15,16,19,23,24,27,28,31,33,35,36,37,46,47,48,50,52,53,56,57,60,67,71,72,74,78,80,81,84,86,89,95,96,99,100,101,102,104,105,106,108,111,114,115,116,118,121,123,129,132,137,139,141,143,145,148,150,151,152,154,156,159,160,161,165,173,175,177,179,180,184,186,192,197,198,199,200,208,215,216,217,219,222,223,226,236,237,240,247,248,251,253,254,256,258,259,260,264,265,266,269,271,272,274,275,277,280,283,284,286,295,296,297,299
1,3,5,6,8,9,10,13,14,15,16,17,18,19,22,25,27,30,31,32,34,36,37,39,41,42,46,48,49,51,52,55,56,57,58,59,60,66,67,68,69,71,74,75,76,79,80,81,82,86,89,90,92,94,95,96,97,100,102,104,105,107,108,110,112,114,119,120,121,122,126,127,128,132,133,135,136,137,139,141,142,143,145,147,150,151,155,156,157,158,159,160,163,165,167,168,171,172,173,174,175,176,177,178,184,185,186,187,189,190,191,192,194,196,197,198,199,201,202,203,204,206,208,209,211,212,215,216,218,220,221,222,223,224,225,226,229,231,233,245,247,249,250,252,256,260,262,264,266,267,270,275,276,278,286,290,291,293,295,296,297,299
5,8,11,16,21,25,27,32,40,41,42,43,45,50,53,56,59,63,65,67,70,73,76,77,78,79,80,81,84,85,87,91,92,94,95,96,97,100,110,115,118,120,121,127,130,131,132,133,134,136,138,141,144,146,148,151,153,160,161,163,165,170,171,175,177,185,188,192,198,202,205,207,210,213,215,218,223,224,225,226,228,229,230,231,235,236,238,239,242,243,244,245,252,255,256,258,259,261,266,267,270,271,274,276,278,280,281,283,286,287,292,300
1,3,5,6,7,9,10,12,13,15,16,18,20,21,22,25,26,34,37,38,39,40,41,42,44,45,46,47,48,49,50,52,56,58,59,61,66,68,69,71,74,80,82,84,88,89,90,91,94,95,96,100,101,102,105,107,109,112,115,116,117,119,120,122,123,125,127,130,131,132,134,136,137,138,139,141,142,144,145,149,151,152,153,154,155,156,162,163,165,167,168,170,171,176,179,180,181,184,186,187,188,194,195,196,198,199,200,204,205,206,211,212,214,219,221,223,227,228,230,231,233,234,235,237,238,239,241,243,245,247,249,250,252,254,257,258,264,265,266,268,269,271,273,274,275,279,281,283,285,286,290,291,292,297,298,299,300
7,11,12,15,22,31,34,43,46,47,50,52,56,60,67,68,71,82,86,90,103,108,109,117,121,123,131,134,142,145,164,166,171,175,177,182,184,187,188,196,199,201,210,214,221,240,244,250,262,269,271,277,285,287,288,293,300
18,20,29,30,53,61,62,67,92,95,99,144,153,154,157,179,182,184,203,209,217,218,223,224,225,226,232,243,254,257,258,267,270,272,275,283,292
6,10,14,16,17,20,21,25,28,33,34,36,37,38,41,43,44,46,49,53,59,63,64,77,78,85,87,88,95,99,102,108,109,115,120,123,127,133,134,137,140,141,142,150,151,152,154,162,163,168,173,174,175,180,182,184,186,187,192,194,195,198,199,202,203,204,208,210,211,212,213,214,215,216,219,220,221,223,225,227,229,231,244,249,253,256,259,266,268,273,275,276,280,288,290,291,292,293,294
3,4,5,15,19,20,21,22,25,26,30,32,34,38,39,41,43,44,46,49,50,51,52,53,55,57,59,62,64,66,71,73,74,76,77,78,80,85,86,88,90,92,95,99,100,105,113,115,117,121,122,125,127,131,134,135,137,138,141,143,145,149,153,156,157,158,159,160,164,165,166,167,168,170,171,176,177,178,180,181,185,188,190,191,198,202,205,206,208,210,213,214,215,216,217,218,219,222,224,226,227,230,231,232,233,234,235,236,239,240,241,246,249,251,252,257,258,259,260,261,268,271,277,279,280,281,284,285,290,291,299,300
4,5,8,10,15,18,20,21,22,23,24,25,26,27,28,29,30,31,36,38,39,42,43,44,45,46,48,50,53,55,58,59,60,61,62,64,67,68,69,71,73,79,80,83,85,87,88,91,92,93,94,95,97,99,101,104,107,109,112,113,114,116,117,118,119,122,123,124,125,127,128,130,132,133,134,136,137,138,141,143,144,147,148,149,152,154,155,156,159,160,162,163,164,165,170,172,173,179,183,185,190,191,192,195,196,199,202,205,206,207,208,209,210,211,212,214,215,217,218,219,220,223,225,227,229,231,232,234,237,240,242,246,250,253,254,255,257,260,261,262,264,267,271,272,277,283,284,288,289,290,292,293,294,296,298,299,300
15,40,41,45,125,133,169,188,204,220,221,243,254,259
1,2,5,7,8,13,14,16,22,24,28,29,31,33,35,36,39,41,43,45,50,51,52,53,54,55,56,58,61,62,63,64,66,68,71,72,74,75,76,77,78,79,80,83,84,86,87,88,90,93,94,95,97,98,99,100,101,103,104,105,109,111,112,115,117,118,122,125,127,128,130,131,132,133,134,135,139,141,143,144,145,147,149,150,151,152,153,154,155,157,158,159,163,164,168,170,171,172,173,174,176,180,181,183,184,185,186,187,188,189,191,193,196,197,198,199,203,206,207,208,209,210,211,212,214,215,216,218,219,220,222,223,224,227,232,233,234,235,236,237,240,241,245,247,249,250,251,252,253,254,257,259,261,262,264,265,266,269,270,271,273,276,277,280,281,282,286,287,288,289,290,291,292,294,297,298,299,300
2,4,6,7,9,10,11,12,13,14,15,16,18,20,21,23,25,32,33,36,37,38,39,41,42,43,44,45,49,50,52,55,60,62,63,65,67,69,70,72,75,76,80,85,86,87,88,90,91,93,94,95,96,98,99,103,105,107,109,110,111,112,113,115,116,119,120,122,127,129,131,132,135,138,139,140,143,150,151,152,153,156,157,159,162,164,165,166,167,168,170,172,173,174,175,176,179,180,181,182,183,186,188,189,190,192,193,194,195,196,203,205,207,209,210,216,218,219,221,223,224,227,228,230,234,236,238,239,240,248,249,253,254,255,256,257,259,260,262,265,266,267,268,269,270,271,273,275,276,278,280,281,287,288,289,290,291,292,294,295,296,299
2,3,5,9,10,12,15,16,18,20,21,22,23,25,26,27,28,29,30,31,33,34,36,37,38,39,40,41,42,47,48,49,51,52,53,56,59,62,65,66,68,69,70,71,72,73,74,75,78,79,81,83,84,87,88,92,93,94,95,96,97,101,102,103,104,107,109,110,112,113,114,119,120,121,122,124,125,128,129,131,132,133,134,135,136,139,140,142,143,144,145,146,147,148,149,150,151,153,155,156,157,159,160,161,162,164,165,166,167,169,173,174,175,176,177,178,179,180,182,183,184,187,188,189,190,191,196,197,198,199,201,202,203,204,205,206,207,208,209,210,211,212,217,218,221,223,230,231,233,234,237,238,239,240,241,242,243,245,246,247,248,250,252,255,256,258,259,262,263,264,266,267,268,269,270,272,273,274,276,280,281,283,284,285,288,290,294,297,298,300
1,2,3,8,10,12,14,16,18,19,21,23,24,26,28,31,34,35,36,37,38,41,42,44,45,49,51,54,57,58,61,64,65,68,70,73,76,79,82,84,87,91,96,98,99,102,108,112,113,114,121,122,125,128,129,133,136,139,147,148,150,152,156,159,160,163,165,166,169,170,175,177,182,183,186,188,190,196,198,201,205,207,208,209,210,213,214,215,220,224,226,227,228,229,230,232,240,241,242,246,249,254,257,258,260,263,264,267,268,269,270,271,272,273,276,277,278,280,282,283,284,286,287,292,293,297,300
1,4,6,11,17,34,54,68,82,84,89,90,101,113,120,125,165,167,188,225,227,233,235,248,252,263,284
3,5,11,13,14,15,18,20,23,26,28,31,32,35,40,43,46,47,52,54,57,62,67,69,70,71,72,73,77,84,85,88,89,93,94,102,107,108,113,115,122,123,124,129,141,144,145,147,148,152,153,156,163,172,173,174,175,176,180,182,183,187,194,196,203,207,212,214,216,217,221,223,225,228,229,232,233,235,237,238,243,244,246,247,257,261,262,263,267,270,271,273,274,275,280,282,283,284,286,287,289,294,297
31,156,193,221,229,281
5,9,11,14,16,17,19,20,24,29,30,32,38,39,40,41,42,46,47,51,56,58,59,60,67,69,70,81,82,83,86,87,88,90,94,100,102,105,106,107,109,114,124,135,139,141,145,148,149,155,156,159,160,166,171,172,181,183,190,198,202,205,209,212,213,214,222,223,229,230,236,237,238,245,255,259,262,265,270,271,276,278,279,281,282,290,293,294,297
4,5,7,9,13,14,16,23,24,25,27,31,36,37,44,46,47,50,51,54,55,57,58,60,63,64,70,71,72,75,76,77,78,80,82,83,87,92,93,94,95,97,98,100,102,103,104,106,107,108,109,110,112,115,120,124,128,130,131,132,134,135,137,139,141,142,143,145,146,150,152,154,156,157,158,161,165,166,167,168,172,175,176,180,184,186,188,189,190,193,194,195,197,198,199,200,202,204,206,207,209,211,212,213,215,216,217,219,223,224,226,228,231,232,233,236,237,242,243,244,245,246,247,248,249,252,253,254,258,262,263,265,267,268,270,272,273,275,279,286,287,289,290,291,293,295,297
1,2,3,4,5,6,7,8,9,10,11,15,16,18,21,23,26,28,30,31,32,33,34,35,36,37,44,45,46,50,53,54,55,56,57,59,61,62,63,65,66,69,70,76,78,80,81,82,83,85,86,93,94,95,96,97,98,100,101,102,103,104,105,106,107,109,112,114,115,116,118,119,121,125,126,127,128,129,130,131,132,133,135,137,138,139,140,141,145,148,149,150,151,152,153,154,156,158,159,160,161,162,163,166,169,172,174,175,177,179,182,184,185,187,189,190,191,192,194,195,197,198,199,202,203,204,206,208,209,211,212,213,214,215,216,218,220,223,225,226,227,228,229,230,231,232,235,238,239,241,243,245,247,250,251,253,255,256,258,260,262,266,267,270,273,274,275,277,280,282,283,284,285,286,287,288,289,291,293,294,295,297,298,299
6,8,9,11,19,20,36,42,50,54,59,84,99,111,115,117,119,123,127,130,145,158,167,170,175,177,185,198,210,213,214,223,230,233,246,247,254,258,262,272,273,280,285
1,10,13,18,23,30,33,36,37,38,41,43,44,59,67,70,72,78,81,83,84,88,91,94,106,107,109,113,118,123,124,125,126,127,132,134,145,146,148,151,154,159,161,163,164,165,169,173,180,183,188,192,193,196,205,215,216,217,220,222,225,228,229,230,231,235,236,243,250,252,254,255,258,262,266,267,268,272,273,274,279,280,281,283,295
10,71,113,247,274,285,294,297
1,2,3,5,6,7,8,10,11,12,13,15,17,18,20,21,22,25,28,29,33,35,36,37,38,41,42,46,48,50,52,54,55,61,62,63,66,67,68,69,71,72,73,74,75,76,77,78,79,81,82,87,88,91,92,93,94,95,96,97,99,101,102,103,105,108,110,111,112,113,115,118,119,120,124,125,127,129,130,131,132,134,136,137,138,140,141,144,147,149,150,152,156,157,159,160,162,163,166,167,169,170,171,172,173,174,175,177,178,180,183,184,185,186,188,191,192,194,197,198,201,202,205,206,208,211,214,216,218,219,220,221,224,228,230,233,234,235,237,238,239,240,244,245,249,251,253,255,256,257,259,261,264,265,267,268,270,274,276,279,280,282,286,290,293,294,295,296,298,299,300
3,4,8,16,17,22,27,33,41,42,47,58,64,70,72,74,75,79,80,84,85,93,95,97,98,99,102,105,108,110,113,115,119,120,122,124,127,128,129,131,136,139,146,156,158,163,164,165,171,176,177,180,184,188,191,192,194,195,206,209,213,223,225,229,232,233,234,237,239,241,243,246,248,249,254,259,262,269,291,296,300
1,5,6,7,9,14,15,16,19,21,23,25,29,30,33,37,43,46,47,50,51,54,63,64,65,66,67,68,70,78,79,80,82,83,92,94,99,100,101,102,105,106,108,109,111,112,116,117,122,126,127,130,131,134,141,146,147,148,149,151,154,158,159,161,162,164,166,170,171,172,173,176,177,178,179,181,184,197,201,202,203,204,208,209,212,216,218,221,222,223,225,226,228,231,238,239,240,241,248,252,253,254,255,260,262,265,266,269,270,272,275,280,288,291,294,295,296,297,300
1,3,4,5,6,11,16,19,23,30,38,43,44,46,48,51,53,57,58,59,62,63,64,66,68,71,78,80,82,83,85,89,90,91,93,104,112,114,117,119,121,123,126,132,133,136,139,141,142,143,145,147,151,152,155,156,158,160,161,164,170,172,174,175,176,177,185,191,194,197,198,200,202,205,207,208,210,211,214,215,217,224,227,229,231,235,238,239,240,243,245,249,250,255,258,259,262,267,270,271,274,275,277,279,282,284,285,286,291,292,294,297
3,4,5,6,9,13,14,15,16,18,19,20,23,24,25,26,31,34,36,37,38,39,40,41,42,43,44,46,47,49,50,51,52,53,56,57,58,59,60,62,63,64,65,69,70,71,72,74,75,80,81,82,83,86,87,88,89,90,91,93,95,96,97,98,100,101,107,111,113,114,116,117,119,120,121,123,124,125,133,134,135,136,139,142,143,146,149,150,153,154,156,164,166,169,170,176,177,179,180,182,183,184,185,186,189,195,196,197,198,199,201,202,204,209,213,218,219,220,226,227,228,231,233,234,235,237,240,243,248,249,251,253,256,259,260,263,264,265,269,270,272,273,274,275,276,279,280,281,282,285,287,288,289,291,292,293,295,296,298
11,15,19,23,25,29,30,34,37,38,43,44,53,55,56,57,60,62,68,72,74,75,76,88,92,94,95,97,99,106,110,113,114,116,123,127,130,133,135,136,140,143,147,148,150,151,152,157,163,165,167,170,173,174,175,180,183,193,194,195,200,205,206,208,211,220,225,226,228,229,233,234,236,237,242,243,246,247,250,254,256,258,259,260,263,266,267,268,277,278,279,281,293,294,296,297,298,299,300
1,2,4,5,6,7,9,11,19,20,23,26,28,30,33,34,37,38,41,42,45,46,47,54,60,61,63,66,75,78,79,81,83,84,85,86,88,92,93,94,95,97,99,102,103,104,105,110,111,112,114,115,117,118,119,120,122,123,124,130,131,132,134,136,137,139,141,144,145,150,160,161,162,163,165,167,171,172,174,176,179,180,182,183,184,187,188,191,194,196,197,199,200,201,202,204,205,210,211,212,213,214,216,217,218,221,228,231,232,235,236,237,241,244,246,247,248,253,255,257,261,262,263,264,265,266,267,268,269,270,276,277,278,279,285,288,289,290,291,293,296,298,299
4,5,6,7,8,10,12,13,19,20,21,22,23,25,26,28,35,36,40,43,45,46,48,49,50,51,52,53,54,57,59,60,61,62,64,69,70,71,72,74,76,80,81,82,84,86,87,94,95,98,103,104,106,107,109,110,114,116,118,119,120,121,122,124,126,127,128,130,134,135,137,138,140,141,142,143,144,146,151,152,153,154,155,156,157,159,160,161,162,163,164,167,168,169,172,173,175,176,177,178,179,181,183,187,188,189,190,191,192,194,195,197,198,199,202,204,206,207,209,210,212,215,216,218,219,225,226,227,228,229,230,231,232,234,235,237,238,241,243,247,250,251,252,253,254,256,257,258,259,262,265,268,269,270,271,272,275,276,277,279,280,281,282,283,284,285,287,288,289,291,293,295,297,299
1,2,6,11,20,21,22,28,33,34,36,43,50,54,56,57,61,64,67,68,69,74,76,78,79,83,88,90,96,102,103,104,106,112,113,116,117,119,121,124,126,127,130,131,132,134,136,139,143,147,157,161,162,165,166,169,173,179,183,184,190,192,194,201,204,206,208,209,212,217,219,221,222,226,228,230,232,233,234,235,244,245,248,249,252,256,257,258,260,268,270,274,275,278,287,288,289,290,292,293,297,299
2,4,6,7,8,9,10,11,14,15,16,18,21,24,26,27,29,30,32,33,35,36,42,43,45,47,48,50,52,54,56,58,59,60,61,62,63,66,68,71,72,73,75,77,79,80,84,86,88,90,92,96,98,99,100,101,103,104,105,106,108,109,113,115,117,119,120,125,127,129,131,133,134,136,137,139,141,142,143,146,148,152,153,155,157,159,161,162,167,170,171,172,173,175,176,177,178,180,183,185,187,189,190,193,194,195,196,198,199,200,202,205,209,213,214,215,216,222,223,226,228,238,244,245,246,251,252,253,258,259,260,261,262,265,269,270,272,277,278,279,281,282,284,286,287,288,291,292,293,295,296,297,299
3,7,8,12,14,15,17,19,20,24,25,26,35,36,37,38,40,43,44,45,47,48,49,53,55,57,58,59,60,61,63,66,67,70,78,82,83,84,85,86,87,88,90,95,96,99,101,103,107,112,113,119,120,121,123,125,126,127,130,131,137,138,139,140,150,159,160,161,163,164,165,166,169,177,179,186,193,195,197,198,200,203,204,206,209,210,211,217,218,220,223,226,228,231,233,234,235,242,243,247,248,251,257,258,260,261,268,269,271,272,275,276,277,278,285,287,288,289,290,291,293,297,298,299
3,4,6,7,8,11,12,13,14,15,17,18,19,22,23,25,26,27,29,31,32,33,34,36,40,41,44,46,47,48,49,50,51,55,58,62,69,70,73,74,76,78,84,86,87,88,89,93,97,98,99,100,101,104,105,107,109,118,120,121,123,124,126,128,134,137,142,146,147,152,153,155,156,162,164,165,166,167,170,171,173,177,178,182,183,188,194,196,201,204,206,207,210,211,212,213,214,215,216,218,219,220,222,224,225,226,229,232,233,236,238,239,240,241,243,247,248,256,257,258,260,261,262,264,265,268,269,270,272,273,274,277,278,279,283,286,287,288,289,290,291,292,293,294,296,297,300
6,16,17,21,23,24,25,27,31,32,38,40,43,44,47,54,56,60,61,66,68,69,70,77,78,79,80,85,86,87,89,90,95,103,106,108,109,112,114,115,116,118,121,125,128,129,131,135,137,140,142,149,152,158,161,162,164,165,172,173,175,177,178,184,188,190,193,198,201,206,210,212,218,222,224,226,228,229,243,244,246,247,251,256,261,265,266,267,272,274,282,284,285,287,288,290,294,298,300
2,3,4,5,6,9,10,12,14,16,18,22,23,24,25,26,27,28,29,30,33,36,37,38,39,41,42,43,45,46,47,48,50,52,53,54,55,57,58,60,61,65,69,72,74,76,77,79,81,82,85,86,87,88,89,92,93,94,95,96,100,101,103,104,105,106,107,110,111,112,113,114,115,116,117,119,120,121,122,124,125,126,127,128,129,130,131,135,138,139,140,144,145,147,149,151,156,158,161,166,167,168,170,172,174,175,177,178,179,181,186,188,189,191,193,194,195,197,198,199,200,201,203,205,206,207,209,211,212,216,217,218,219,220,221,222,223,224,225,226,228,229,230,231,233,236,237,238,240,241,242,243,245,246,247,248,251,254,256,257,258,259,261,265,266,267,269,270,272,273,275,276,278,279,281,283,285,287,289,290,292,293,294,295,296,299,300
5,6,9,10,11,16,25,31,32,34,35,36,40,42,44,50,52,53,58,60,65,68,71,72,73,82,83,84,86,87,93,94,98,99,102,104,105,106,110,111,114,116,117,118,123,127,129,131,132,134,135,142,145,146,148,150,166,167,169,173,176,182,183,187,189,190,191,196,198,201,203,204,205,207,210,218,220,225,228,229,230,231,232,236,240,241,243,244,248,249,250,252,253,256,258,259,263,270,272,273,279,281,285,286,288,293,295,298,299,300
1,2,4,12,13,17,24,25,28,36,38,43,45,58,60,64,68,70,80,81,84,97,98,102,107,109,114,140,145,147,158,160,161,165,166,168,177,178,188,192,204,207,208,220,222,224,226,228,231,236,238,240,244,266,267,269,273,281,284,287,295
2,31,35,43,45,52,57,84,90,121,125,126,129,133,138,144,154,168,171,176,186,208,231,233,238,244,251,255,259,266,277,280,282,284,286,292
1,4,6,7,9,10,13,14,17,18,20,21,22,27,33,34,36,37,38,43,45,46,50,52,53,55,56,57,58,59,60,61,62,65,67,68,69,70,72,74,76,77,80,81,82,83,84,86,87,90,91,95,96,98,99,100,103,104,105,107,108,110,112,113,117,121,122,123,124,125,126,127,130,131,137,139,140,141,145,148,151,152,155,156,157,158,161,162,163,168,169,171,174,175,177,179,180,182,184,189,193,194,195,198,199,200,204,206,207,210,214,215,217,218,219,221,222,223,224,226,227,229,237,242,243,244,246,249,250,254,255,256,258,260,261,266,267,269,270,272,273,275,276,281,283,286,287,294,295,296,297,298,299
2,4,7,12,13,16,18,28,32,34,35,42,45,46,48,50,58,61,64,70,71,72,73,74,76,80,83,88,90,91,92,95,97,99,101,105,106,119,120,121,122,123,125,133,135,136,138,139,144,149,154,155,159,162,164,178,181,183,184,187,189,190,191,192,194,195,196,197,204,205,206,208,209,212,220,221,222,223,224,226,227,228,229,235,237,238,250,253,257,265,266,267,270,272,281,288,291,293,295,296,297
200
2,5,6,7,9,10,11,15,16,17,18,24,25,26,28,30,31,35,38,40,43,44,46,49,51,55,60,63,65,69,71,73,74,77,78,82,86,87,88,90,93,94,101,103,105,107,108,109,110,111,112,113,115,117,120,123,126,127,128,129,131,132,135,137,142,143,146,154,158,165,173,174,177,178,180,184,187,188,191,193,194,196,197,203,204,207,210,212,213,214,217,218,219,221,222,223,224,225,227,229,232,233,237,240,243,245,246,248,251,254,257,260,262,263,265,266,269,271,273,274,275,278,282,287,288,290,291,295,296,297,298,299,300
3,4,20,28,54,56,66,68,83,88,92,94,95,115,124,128,139,145,146,148,150,156,162,186,192,193,198,199,201,215,229,234,239,241,251,266,271,280,291
3,8,10,12,15,19,20,21,25,27,29,30,32,35,37,39,47,48,50,51,52,53,55,56,60,61,63,65,67,68,69,75,82,83,84,85,87,90,92,97,98,99,102,103,104,108,109,110,117,118,120,121,122,125,127,128,129,132,133,134,136,139,140,141,143,144,146,150,152,153,155,157,165,166,167,170,171,175,177,178,179,180,181,183,186,187,188,191,193,194,195,196,199,200,202,204,206,207,209,210,212,214,216,219,221,222,225,226,227,228,229,231,233,234,238,239,240,241,243,245,249,251,253,254,255,256,257,258,262,263,264,265,269,270,272,274,281,282,283,284,285,286,287,290,296,297,300
7,18,26,32,43,60,70,72,75,84,88,89,92,94,95,96,106,107,114,115,131,133,140,142,159,165,172,184,199,200,213,216,217,220,233,239,242,246,254,257,263,269,281,282,296
2,3,4,6,7,8,9,15,18,19,20,22,23,25,27,30,32,35,37,38,39,40,42,43,44,45,51,52,64,65,66,69,72,74,75,76,80,81,85,86,88,90,91,93,96,97,98,99,100,101,102,104,107,108,109,110,112,114,117,118,120,121,124,126,128,130,131,132,133,134,138,141,142,146,147,148,150,152,153,154,155,156,158,159,160,161,162,163,164,168,171,172,174,175,178,183,185,188,189,190,191,192,194,198,199,201,202,207,208,210,212,213,216,219,222,223,228,230,232,237,241,243,245,246,253,254,255,256,257,259,261,263,264,267,269,270,271,272,273,274,276,279,280,281,282,283,284,285,289,291,292,296,297,299
3,5,8,14,17,19,21,24,29,31,33,34,38,42,43,44,45,48,49,51,53,54,55,58,61,62,65,74,77,78,79,80,84,85,86,87,92,93,98,100,103,104,105,106,107,110,112,113,114,115,118,119,121,122,123,125,126,127,129,131,135,144,148,149,151,152,153,155,156,157,158,159,161,162,163,167,172,176,177,178,180,181,185,186,188,191,201,203,205,206,207,209,211,212,213,217,218,219,220,221,222,224,225,228,230,233,236,238,239,240,245,246,249,250,251,256,263,264,265,266,269,281,282,284,285,287,288,289,290,291,293,294,295,298
85,135,154,190,269
1,2,9,10,14,17,19,20,24,31,35,40,41,49,50,55,57,59,60,62,63,67,71,79,83,84,86,88,92,94,97,100,104,106,111,114,116,118,124,130,131,137,141,145,148,150,153,155,159,161,162,164,165,166,167,173,174,175,176,181,184,185,187,191,197,202,203,209,214,218,219,220,221,225,228,230,231,235,236,237,239,240,243,244,251,253,259,262,265,266,271,272,276,277,279,282,295
1,2,3,6,9,12,13,14,15,16,17,21,22,23,25,27,28,31,33,34,35,36,39,44,45,48,50,51,53,54,55,56,58,59,63,65,67,70,71,72,76,77,81,83,87,88,89,91,92,93,94,95,98,99,100,102,103,104,105,107,108,110,113,115,116,117,118,119,121,122,125,126,130,131,133,134,136,137,139,140,142,147,151,156,157,159,160,162,163,166,167,169,170,171,172,176,177,178,179,180,181,183,184,185,186,187,189,190,193,196,197,198,199,200,201,204,206,207,208,209,210,216,218,219,220,221,224,225,228,230,231,232,233,235,236,237,239,240,241,242,252,254,255,261,263,265,269,271,274,275,276,278,279,280,281,282,283,287,288,289,290,292,293,294,295,296,297,298,300
4,6,17,20,22,28,29,31,33,34,35,37,40,42,47,62,64,66,67,68,70,71,77,79,80,82,88,89,90,97,98,99,103,106,107,110,111,112,117,119,120,123,127,131,133,135,136,138,143,144,147,149,152,153,154,158,165,168,172,177,178,183,184,193,196,197,198,206,215,222,227,229,234,235,248,250,251,255,256,257,258,260,264,267,268,272,274,276,277,279,281,285,290,291,295,296,298,300
8,11,17,20,25,27,30,33,39,41,42,46,48,49,50,56,57,58,59,60,61,63,65,66,72,74,76,78,80,81,85,88,90,91,92,93,94,96,97,103,104,109,110,111,112,113,114,118,119,120,121,127,129,131,132,134,136,137,138,141,144,146,150,151,152,160,163,167,171,176,178,182,189,190,192,195,198,201,204,205,206,210,212,215,216,217,220,225,232,244,249,253,255,256,257,258,262,269,278,279,281,282,284,286,289,291,294,296,298,300
3,4,5,6,9,15,21,22,24,25,28,32,36,38,39,43,46,57,63,67,68,74,79,83,87,93,99,101,102,104,108,111,114,118,119,121,124,126,128,131,134,138,142,144,146,150,157,159,160,161,164,165,170,173,174,177,179,194,195,200,205,213,216,218,223,225,227,229,230,235,237,248,250,251,252,262,264,267,268,269,276,278,279,280,286,287,290,293,296
1,2,3,4,5,6,8,9,10,12,13,14,15,20,22,23,25,27,28,32,34,37,38,39,40,42,43,45,46,50,51,52,54,55,56,57,58,59,60,61,62,63,65,67,69,70,72,74,75,76,77,78,80,84,85,86,88,89,90,91,97,99,100,101,102,103,105,106,107,108,114,116,117,119,124,125,126,129,130,131,132,133,134,136,137,138,141,142,143,144,146,149,150,152,155,156,157,161,163,165,167,170,172,173,174,177,178,180,181,183,185,186,187,188,190,192,194,195,196,197,199,200,201,203,207,209,210,212,213,214,217,218,221,222,228,229,231,232,234,235,236,238,239,240,244,247,248,249,252,253,254,255,256,258,259,260,261,262,263,266,267,273,274,275,278,279,281,282,283,284,285,290,291,292,293,295,296,299,300
1,2,6,8,10,16,21,22,23,24,25,26,27,28,31,33,34,37,40,44,47,48,49,50,54,55,57,59,61,63,64,66,68,69,70,72,73,74,75,76,80,87,89,90,91,94,96,101,104,105,108,110,111,113,114,115,116,121,124,125,126,127,128,129,133,135,136,137,139,140,141,142,145,146,148,149,151,152,155,156,159,160,161,162,163,164,167,168,170,171,174,175,178,179,180,182,187,188,189,192,195,196,197,199,201,202,204,208,209,211,212,213,214,217,218,221,222,223,224,225,226,227,232,233,234,235,240,241,242,243,244,249,252,255,257,258,260,262,263,264,266,267,271,273,274,275,277,278,279,280,281,284,285,287,288,289,290,291,292,293,294,295
2,3,5,13,14,18,20,21,26,28,31,33,34,35,36,38,39,41,44,47,51,54,58,59,61,62,63,66,70,71,72,73,74,75,76,77,81,85,86,88,89,92,93,94,97,98,101,104,105,108,111,114,117,118,119,120,123,125,129,132,133,135,137,140,144,145,149,151,153,154,158,159,160,163,168,172,175,176,180,184,185,186,188,190,192,195,198,200,202,203,205,206,209,213,216,217,218,220,223,224,226,230,235,239,240,242,248,251,252,254,255,256,258,259,261,264,266,267,269,271,272,274,275,277,278,279,285,286,290,291,295,296,299,300
3,5,6,7,9,11,14,18,20,21,23,25,26,29,31,33,34,35,36,38,39,40,41,42,43,44,45,47,48,49,50,51,53,57,59,65,67,68,70,72,73,75,77,78,79,81,83,87,88,89,90,91,92,95,98,101,102,103,106,112,114,115,116,117,118,122,123,124,125,126,128,130,135,136,138,139,141,143,146,150,151,152,153,154,155,157,158,160,163,164,166,167,168,172,173,175,177,178,179,180,181,182,185,186,187,189,190,192,193,195,196,197,198,200,202,203,206,207,209,210,212,214,216,217,218,219,221,226,227,232,233,235,236,238,239,241,243,245,246,247,248,254,256,259,260,261,262,263,264,265,266,268,275,277,278,279,280,281,282,283,284,285,286,289,291,293,294,296,297,298,299,300
1,2,3,9,13,14,16,17,18,19,20,22,25,26,27,28,30,31,37,42,45,46,49,51,52,54,56,60,63,64,65,66,69,71,73,76,77,78,80,81,84,85,86,87,88,90,91,93,95,98,100,103,104,106,107,109,110,111,112,115,116,118,119,120,123,124,127,128,132,133,134,135,137,138,141,142,144,145,151,152,155,158,159,161,166,169,171,172,174,175,176,177,179,181,182,184,185,186,188,197,198,199,200,201,202,204,205,206,209,210,213,214,216,218,220,222,225,227,228,230,231,232,233,239,241,242,243,244,246,247,253,254,255,256,257,259,260,261,262,263,264,265,266,267,268,269,270,271,275,276,278,280,284,285,286,288,295,296,297,298,299
2,3,9,10,13,15,17,18,24,27,37,39,40,45,46,48,49,53,56,57,58,68,70,74,76,77,81,82,84,86,87,94,99,100,102,103,104,108,109,110,112,113,114,116,117,118,119,120,124,126,129,132,133,136,137,140,141,142,143,144,147,149,153,154,156,158,160,163,169,171,174,175,181,183,187,190,191,192,195,196,201,202,205,206,208,211,214,216,217,220,221,222,224,225,235,236,238,241,243,244,246,248,249,252,253,260,268,269,270,273,274,276,280,284,289,292,297,298
2,5,8,15,19,20,21,26,28,29,34,35,36,40,42,45,46,49,55,56,57,64,66,69,71,72,74,77,78,80,83,87,90,92,99,100,104,115,118,119,120,121,125,129,133,138,144,146,148,152,155,158,159,164,166,169,173,175,181,183,184,186,191,196,198,200,210,213,218,222,227,230,232,235,236,238,239,240,244,245,250,252,256,258,260,262,267,271,273,278,282,286,287,288,291,295
1,2,3,4,6,7,8,10,11,12,13,14,15,17,18,20,22,26,27,29,31,32,35,36,37,38,42,44,47,48,49,50,51,52,53,54,55,56,57,58,61,62,64,65,68,69,70,75,76,80,81,83,86,87,88,92,94,97,101,103,104,105,107,108,109,110,111,116,118,120,121,122,124,128,133,134,135,136,137,138,139,140,142,143,144,150,151,152,154,157,160,161,162,164,165,166,167,168,169,173,175,177,178,183,185,186,188,192,195,196,197,198,199,201,202,203,204,205,208,209,213,215,216,218,219,221,222,223,227,230,231,233,235,236,237,238,240,241,242,244,246,249,250,252,253,254,255,256,258,262,264,265,266,268,269,273,274,275,277,278,280,281,284,285,286,287,293,294,295,298,299,300
4,7,8,9,10,11,13,15,16,19,20,21,23,24,25,26,27,29,33,37,38,39,41,43,44,57,60,63,64,65,68,69,70,72,73,74,77,78,79,80,81,85,86,87,88,89,90,91,95,99,101,102,103,106,107,110,111,112,113,114,115,120,126,127,128,130,133,134,135,136,137,138,139,140,144,151,153,154,158,159,161,163,165,167,169,170,172,173,175,178,179,183,185,186,188,189,190,191,192,193,196,198,201,202,204,205,207,211,212,215,216,217,219,224,226,230,233,234,239,240,244,245,248,249,250,251,252,254,255,256,257,260,262,263,264,265,266,268,269,273,274,276,277,278,280,281,282,283,284,285,287,288,290,291,293,295,296,297,298,299,300
1,4,5,8,14,16,17,19,20,21,26,31,36,44,45,46,50,54,58,60,65,66,67,68,70,79,80,84,86,87,88,89,94,96,103,112,115,120,122,125,134,140,142,146,148,150,157,159,162,167,174,175,177,179,180,181,183,185,186,190,193,206,220,223,226,230,231,240,243,244,246,248,251,252,253,255,258,262,263,269,270,271,274,281,282,284
2,3,4,8,10,13,16,17,18,20,23,25,26,27,28,29,31,32,33,35,38,40,42,44,46,47,48,50,51,53,54,57,60,66,67,70,71,72,74,75,76,78,79,81,82,83,84,85,88,92,96,104,105,107,113,114,118,120,123,125,126,131,135,138,142,143,145,146,147,151,152,153,156,159,161,162,163,164,165,167,168,173,175,181,183,184,186,187,188,189,191,193,195,196,197,200,202,203,204,206,208,209,212,213,216,217,220,221,222,226,228,230,231,233,236,238,242,243,244,246,247,248,254,255,258,259,262,266,267,268,269,270,271,273,274,275,277,278,281,284,285,287,290,291,300
1,5,6,8,9,13,14,17,18,20,21,22,23,24,25,26,27,31,34,36,37,38,45,46,48,51,54,55,56,57,60,61,62,67,69,71,72,74,76,79,80,85,87,88,93,100,105,107,109,110,111,112,114,119,124,129,130,131,132,133,134,136,138,139,140,143,146,149,153,154,155,157,159,163,164,166,170,171,175,176,178,183,185,189,191,193,196,197,199,201,202,203,206,207,210,211,212,213,214,217,222,229,233,234,237,238,240,245,252,253,256,257,259,261,262,263,266,267,268,269,273,274,276,277,280,281,283,284,296,299
1,3,7,8,9,11,13,16,17,18,19,20,22,23,24,26,27,28,29,30,31,33,34,36,38,39,44,46,47,48,50,51,54,55,56,57,58,61,64,65,67,68,72,73,78,79,81,82,83,85,86,87,88,89,90,91,92,94,95,96,98,99,100,103,105,106,107,108,114,115,116,117,118,119,120,124,125,126,127,129,134,135,139,140,143,146,148,150,151,154,155,156,157,158,159,160,161,162,163,164,165,167,168,170,172,173,174,177,178,179,181,182,184,186,188,191,192,193,194,198,199,202,203,204,206,207,208,212,216,218,221,222,223,224,225,227,228,229,230,231,235,236,237,239,240,241,242,244,245,246,252,253,255,257,258,259,262,263,265,266,267,268,270,275,278,279,281,282,284,285,286,287,288,297,300
2,3,5,8,11,12,13,14,15,16,17,18,21,24,25,29,30,35,37,38,43,46,47,48,49,50,51,52,53,54,56,57,58,59,60,61,62,63,64,66,67,68,69,70,71,74,76,78,80,83,85,87,89,90,91,93,94,96,99,102,103,104,106,107,108,109,110,113,114,115,116,117,118,120,121,124,130,131,132,133,134,135,137,139,140,143,148,152,153,154,156,162,164,170,172,177,180,184,185,186,188,190,192,195,199,200,201,203,204,205,206,208,211,212,214,215,217,218,220,222,223,224,225,226,227,231,232,236,238,239,241,243,244,246,248,251,252,255,256,258,259,260,263,264,268,270,275,276,278,279,281,282,292,293,294,295,297,298,299,300
3,11,14,24,30,32,35,37,38,42,45,52,53,57,63,66,68,70,76,83,99,104,111,112,117,118,122,127,128,129,132,133,136,140,145,148,150,151,154,156,157,161,162,169,171,173,176,190,192,194,197,201,212,215,219,220,221,224,230,241,242,249,252,256,260,263,266,268,271,276,277,278,280,281,286,294,299
8,19,22,24,26,30,31,32,33,40,43,45,46,48,50,51,52,54,55,57,58,66,77,79,83,84,87,89,91,92,93,94,95,96,99,100,103,108,111,112,120,122,123,125,126,128,129,130,131,133,135,136,137,141,143,145,148,150,153,156,158,159,160,163,164,167,168,170,171,173,174,175,176,178,183,184,187,188,189,192,194,195,198,203,204,206,209,212,216,217,218,220,221,232,234,236,240,241,242,244,246,247,252,271,272,273,276,278,282,283,284,285,286
6,7,13,16,20,28,35,37,40,46,48,51,53,55,73,75,80,82,94,98,110,116,117,121,123,126,131,143,144,146,152,154,155,157,162,163,167,174,177,178,181,193,194,195,196,201,203,217,219,221,222,226,229,232,239,241,246,249,258,263,272,277,278,286,289,291,292,299
2,3,6,7,8,9,11,12,13,16,17,21,22,23,24,26,27,30,31,33,34,36,37,38,39,41,42,45,47,49,51,53,55,56,57,58,60,61,62,63,64,67,69,70,71,73,74,78,79,80,81,82,83,84,85,86,89,90,93,94,95,97,99,101,102,104,105,106,108,109,112,113,114,115,116,117,118,120,122,123,124,126,127,131,132,133,134,135,136,137,138,139,140,142,143,144,145,146,147,151,152,156,157,158,159,160,161,162,164,165,168,169,173,174,176,178,179,181,182,183,184,185,186,189,190,191,192,194,196,198,199,200,203,205,206,214,217,218,220,221,222,223,225,226,227,228,229,230,231,232,237,239,240,241,242,243,244,246,247,248,250,251,252,254,255,258,263,264,265,266,267,268,269,270,275,276,277,278,280,281,282,284,285,286,288,290,291,292,294,296,298
13,16,20,31,70,83,86,93,112,113,118,136,151,159,160,196,210,213,222,223,225,232,251,252,253,255,266,272,285,286,298
1,3,4,7,12,21,22,27,32,42,43,48,51,53,56,59,65,67,71,72,73,76,81,90,91,93,94,95,97,98,101,102,103,109,114,115,117,118,119,124,126,129,130,141,143,144,146,149,152,157,162,163,165,166,168,172,173,176,178,183,184,185,186,188,189,192,193,194,195,198,199,202,204,206,213,222,223,226,228,231,237,239,241,242,243,247,251,258,262,266,269,274,276,282,283,284,286,291,293,296,297
2,3,4,5,6,13,16,20,21,22,23,25,28,29,31,32,37,38,41,43,44,46,47,49,51,53,55,57,59,60,62,64,66,67,71,75,76,78,80,82,85,86,88,89,90,91,92,95,98,99,103,104,105,106,110,112,123,129,130,131,132,135,136,137,141,144,146,148,149,152,153,155,156,157,161,163,164,165,166,167,168,169,170,171,172,174,175,176,177,179,182,183,185,190,191,192,193,195,196,201,202,203,207,209,211,214,215,216,218,220,222,223,224,227,228,231,232,233,235,242,243,244,245,248,251,252,253,254,256,260,262,266,267,268,269,272,273,276,277,279,280,281,283,284,288,289,290,291,292,293,296,300
1,22,23,28,29,31,35,39,40,48,53,57,58,60,62,69,81,91,93,95,98,101,103,104,107,109,110,119,120,123,130,147,163,168,172,173,177,178,181,182,186,194,210,212,218,228,229,232,244,259,262,267,270,275,281,282,287,292,295,298,299
1,2,9,11,21,23,24,26,27,28,32,35,37,38,40,41,42,44,45,48,49,51,52,53,54,55,57,63,65,66,68,69,72,73,75,76,77,79,80,81,82,83,85,86,89,90,91,94,97,100,102,104,105,107,108,110,112,113,114,115,116,118,119,122,123,125,126,127,129,131,132,133,136,137,138,142,143,146,147,148,149,152,154,156,157,162,163,168,169,176,177,179,186,187,192,194,197,198,199,205,206,209,210,211,214,217,219,220,222,226,230,232,237,238,240,241,242,243,244,245,246,248,249,250,256,261,265,266,267,269,272,274,275,276,278,281,283,284,285,286,287,288,289,290,292,294,295,296,298,299,300
43,52,72,99,151,181,232,235,248,256,273
1,2,3,8,9,10,11,12,15,16,17,19,22,24,25,27,30,31,36,38,39,43,44,49,50,51,53,54,55,56,57,58,59,62,63,64,65,67,68,70,72,75,76,79,81,82,83,85,86,87,88,89,90,91,95,96,97,98,99,100,101,102,103,104,105,106,109,111,112,113,114,116,119,121,123,124,126,128,129,130,131,132,134,135,137,145,147,148,149,151,152,153,155,156,157,158,160,161,162,163,164,165,166,167,168,169,172,175,176,177,178,179,180,181,182,183,185,187,190,193,194,195,196,197,198,201,203,205,208,210,211,212,215,218,220,222,223,224,225,229,230,231,232,233,236,239,240,242,244,247,248,250,251,253,254,255,258,261,263,264,268,271,272,275,276,277,279,281,282,283,285,290,291,294,295,296,297,298,299,300
2,5,8,9,11,12,14,17,18,21,22,24,25,26,29,31,32,34,39,40,41,43,48,51,52,54,55,58,59,60,65,69,70,73,78,79,80,82,83,84,85,89,90,93,95,97,99,101,102,103,104,110,111,113,115,116,117,118,119,121,122,123,124,127,129,132,134,135,137,138,139,140,141,143,145,154,156,157,159,160,162,163,164,165,166,168,169,170,172,176,178,179,180,181,183,185,186,187,188,190,192,195,196,197,201,202,204,206,207,209,211,212,214,216,217,219,222,223,225,226,227,228,230,232,234,235,237,238,239,240,241,242,243,244,245,246,248,249,251,253,256,259,264,267,270,271,276,277,281,285,286,287,291,292,295,296,298,299
1,2,3,6,7,8,9,10,11,12,13,15,17,19,20,24,25,27,29,32,33,34,35,37,39,40,41,42,45,46,48,49,50,53,54,55,57,58,59,60,62,63,68,69,71,72,74,75,76,77,78,79,80,81,84,87,90,94,95,96,98,99,101,102,107,108,109,111,113,114,115,116,119,121,124,126,128,130,132,133,135,137,138,140,141,142,144,145,148,149,150,152,153,154,157,159,161,162,163,164,165,166,167,170,171,172,173,174,177,178,179,180,181,182,183,185,186,187,188,190,191,193,195,196,202,204,205,207,208,212,213,215,219,220,221,222,226,228,229,232,234,235,236,237,238,240,241,242,244,245,246,247,248,249,253,254,255,256,257,258,260,263,265,266,267,268,269,270,272,273,275,276,278,279,281,282,283,284,287,288,290,291,292,298
23,71,108,139,142,144,253
1,2,4,6,7,8,9,10,11,12,14,15,17,18,19,20,21,23,26,28,29,30,31,32,33,36,40,44,47,48,49,51,52,53,54,55,56,58,59,62,64,65,66,70,74,75,76,77,78,79,80,81,82,84,85,87,88,89,90,91,92,94,95,100,102,103,106,107,109,110,111,114,115,119,122,123,125,130,131,133,135,137,138,140,141,142,143,144,145,146,147,149,153,155,157,158,161,162,164,165,166,167,169,170,171,173,175,176,177,178,179,180,181,182,183,185,189,193,195,196,198,199,200,201,202,203,204,206,210,212,215,216,219,220,221,222,223,229,230,231,232,233,234,237,238,243,244,245,246,249,250,252,253,255,257,259,260,262,263,264,265,266,268,269,270,273,275,281,282,284,285,288,290,294,295,296,299,300
3,6,7,8,9,10,11,16,17,18,20,21,22,23,24,26,27,32,33,34,40,41,43,46,47,50,53,54,56,57,59,61,65,66,67,68,70,73,76,80,86,87,90,91,92,93,94,95,96,97,98,99,100,102,104,105,106,107,109,111,113,115,116,117,119,120,121,122,123,124,126,128,129,130,133,136,137,138,140,142,143,146,148,152,153,154,155,156,157,158,159,160,161,165,166,167,168,170,173,175,177,179,181,186,187,189,191,192,193,194,195,196,197,200,201,202,203,204,205,206,207,212,214,215,217,218,219,220,222,223,224,225,226,227,229,231,232,234,235,236,237,238,239,240,241,244,246,249,251,252,257,260,261,262,263,266,268,270,271,273,274,275,276,277,279,280,283,284,285,286,288,289,290,291,292,293,294,295,296,298,300
5,7,8,10,12,18,19,20,28,29,33,34,37,50,60,62,63,64,65,67,69,71,73,77,81,88,94,95,96,97,99,106,107,110,111,114,116,119,123,133,137,139,140,142,144,145,149,150,151,154,156,159,161,172,175,176,177,179,183,199,201,202,203,206,208,211,212,213,216,218,220,223,225,228,232,233,234,237,249,252,261,265,266,267,268,269,270,272,287,294,295,296,299
2,7,19,20,22,23,26,30,31,32,33,37,39,40,47,49,54,55,56,57,62,64,71,72,73,74,75,76,78,81,83,84,88,90,95,97,99,100,103,105,110,111,113,114,118,121,126,127,128,129,132,135,137,138,140,150,151,152,155,158,160,165,166,171,173,176,177,178,180,182,183,184,186,187,189,194,196,203,211,212,214,215,216,219,220,227,231,232,234,235,239,242,244,245,251,254,258,260,261,266,268,275,276,281,282,285,287,288,292,294,300
4,6,7,11,12,14,18,22,23,25,26,29,30,31,35,36,37,39,42,45,48,50,53,54,55,56,58,59,61,63,67,71,72,73,76,82,83,84,88,90,91,93,95,96,97,98,100,101,103,108,109,110,111,112,113,114,117,119,123,124,125,131,132,133,134,136,138,140,141,142,143,145,146,147,148,152,154,155,157,158,159,161,162,163,166,170,171,174,175,178,181,183,185,186,187,188,190,191,192,195,196,197,199,200,203,205,206,207,210,211,212,215,216,217,219,220,223,224,225,226,230,231,233,234,235,238,239,240,242,244,246,248,251,252,261,267,270,271,272,273,274,275,276,277,280,284,286,288,289,291,295,298,299,300
7,17,21,25,30,39,48,59,62,71,82,87,89,102,107,108,111,117,138,146,156,161,162,167,174,180,185,186,202,205,211,227,233,241,243,245,251,259,270,284,289
3,6,7,11,19,25,26,28,34,38,46,47,50,54,55,58,61,62,63,68,72,77,78,79,83,86,87,88,93,99,104,105,111,112,116,117,118,121,125,131,132,133,136,138,140,142,143,144,148,152,153,157,158,159,162,163,166,168,169,171,173,175,178,180,183,185,188,189,192,195,196,197,198,199,200,206,207,210,214,215,218,223,231,237,240,241,244,245,246,253,254,257,262,263,265,266,269,270,274,278,281,283,289,298,300
1,6,7,8,11,13,17,19,20,21,22,23,24,25,26,27,30,36,37,38,39,41,43,44,47,50,55,58,59,63,64,65,69,70,72,76,77,78,80,81,82,83,84,87,88,89,91,92,93,95,99,100,103,104,107,108,110,111,112,113,114,118,119,120,121,122,123,128,129,130,131,132,134,135,136,139,140,141,142,145,151,153,155,156,159,162,163,164,165,169,172,173,176,178,182,183,184,186,191,192,194,196,197,198,200,201,202,204,205,206,207,209,210,214,216,217,223,224,226,229,230,231,232,233,235,236,237,239,244,251,253,254,255,259,261,266,268,270,271,274,277,279,280,281,285,287,292,294,295,296,297,298,300
5,7,11,13,15,16,17,18,22,24,29,32,39,42,44,45,50,56,57,59,60,62,65,67,71,72,73,76,77,78,80,84,88,91,93,94,95,102,105,107,108,110,111,112,114,116,120,122,128,130,132,133,136,139,142,146,147,154,156,158,159,163,170,172,176,179,187,193,194,196,199,201,202,203,205,211,212,218,219,220,222,223,224,225,228,230,231,233,237,238,240,241,242,244,247,248,251,254,263,265,266,267,268,272,274,275,281,284,286,287,290,291,297
